date,copper_price,copper_ret_1m,copper_next_ret_1m,copper_next_up,vix,vix_3m_avg,vix_12m_z,unrate,cpi_yoy,fedfunds,indpro_yoy,dollar_yoy,copper_mom_3m,copper_mom_6m
2011-01-31,9533.2,0.041554549711253275,0.03647647169890478,1,17.3155,18.326919913419914,-1.0133114888154358,9.1,0.017007834915029774,0.16838709677419356,0.04632504538708293,-0.025195504558076953,0.14999684062383323,0.4122070532783437
2011-02-28,9880.9375,0.03647647169890478,-0.03821285220636461,0,17.43,17.438348484848486,-0.869323650588734,9.0,0.02124898173333145,0.15678571428571428,0.03827364378514675,-0.047823509429834044,0.16817762289058358,0.35305881413182383
2011-03-31,9503.358695652174,-0.03821285220636461,-0.0021685696933235743,0,20.723478260869566,18.489659420289858,-0.28318054209876353,9.0,0.02619241510354109,0.13870967741935483,0.04193025357503588,-0.050055375927117396,0.03829422303051677,0.22947757616449094
2011-04-30,9482.75,-0.0021685696933235743,-0.058113416466742285,0,16.244,18.132492753623186,-1.1372835920352975,9.1,0.030772344447868694,0.098,0.03505332834432129,-0.06172038090408105,-0.005292032056392504,0.1439110204785019
2011-05-31,8931.675,-0.058113416466742285,0.015134593760663284,1,16.91142857142857,17.959635610766046,-0.9201734446198948,9.0,0.034589718808965,0.09387096774193548,0.02248891889831528,-0.08985845000195991,-0.09607008444289833,0.055950700015180876
2011-06-30,9066.852272727272,0.015134593760663284,0.0643676543338525,1,19.153181818181817,17.436203463203462,-0.2381813861263667,9.1,0.03502318150636041,0.09200000000000001,0.023688810428642126,-0.09493351215979229,-0.04593180547048126,-0.009396505242845299
2011-07-31,9650.464285714286,0.0643676543338525,-0.0676108040020954,0,19.2275,18.43070346320346,-0.0523715551184231,9.0,0.035798809769996165,0.07096774193548387,0.02484132372991299,-0.0861459122375885,0.017686249844642843,0.01230062158711509
2011-08-31,8997.988636363636,-0.0676108040020954,-0.07755647411100708,0,35.02913043478261,24.46993741765481,2.951909927050887,9.0,0.0375499603070808,0.09580645161290323,0.027992943499441703,-0.07241488816243524,0.007424546500363727,-0.08935881475177476
2011-09-30,8300.136363636364,-0.07755647411100708,-0.10914831368493139,0,36.53,30.262210144927536,2.1997904663521686,9.0,0.03812621692818685,0.084,0.024123837996766095,-0.032743031430207514,-0.08456252357801819,-0.12661021966542096
2011-10-31,7394.190476190476,-0.10914831368493139,0.02526743822516564,1,32.829047619047614,34.796059351276746,1.3659884252391283,8.8,0.035222681306640524,0.0706451612903226,0.03416215073206175,0.004219535777363115,-0.23379950878257771,-0.2202482954638184
2011-11-30,7581.022727272727,0.02526743822516564,-0.00292146957864281,0,31.94190476190476,33.76698412698412,1.0605792317177118,8.6,0.03451432214581729,0.081,0.03317419578768788,0.008345474319363166,-0.15747585003214104,-0.1512204903030252
2011-12-31,7558.875,-0.00292146957864281,0.06654980624321305,1,25.047619047619047,29.939523809523806,0.12956692328609887,8.5,0.03062066838419386,0.07161290322580646,0.02859134467066693,0.011209477239739751,-0.08930713077003116,-0.16631761799662348
2012-01-31,8061.916666666667,0.06654980624321305,0.04708203325157512,1,20.228,25.739174603174604,-0.5285932259195869,8.3,0.030087663379855023,0.08193548387096775,0.03691001632410296,0.017035004076074056,0.09030416414430897,-0.16460841385622949
2012-02-29,8441.488095238095,0.04708203325157512,0.0034704776385958702,1,18.4205,21.232039682539682,-0.7832107697257182,8.3,0.028981784423473878,0.10379310344827586,0.04439148449901298,0.0063068389851479445,0.11350254430313789,-0.06184721537395044
2012-03-31,8470.784090909092,0.0034704776385958702,-0.02187020388330263,0,16.167272727272728,18.271924242424245,-0.9903413474692706,8.2,0.025828752813320977,0.1267741935483871,0.028286925428470555,0.02287321728695768,0.12064084813005804,0.020559629359868214
2012-04-30,8285.526315789473,-0.02187020388330263,-0.04690314291076558,0,17.823,17.470257575757575,-0.8102953302358321,8.2,0.022731633741348567,0.13933333333333334,0.0390402975636337,0.0448019055208464,0.0277365369016227,0.12054542582709038
2012-05-31,7896.909090909091,-0.04690314291076558,-0.05934215676413879,0,21.001818181818184,18.33069696969697,-0.459853874523345,8.2,0.01737942937466075,0.15580645161290324,0.040185114178595605,0.0637908101769118,-0.0645122042683689,0.04166804071170538
2012-06-30,7428.289473684211,-0.05934215676413879,0.020997012906498247,1,21.13095238095238,19.985256854256857,-0.47127594649455135,8.2,0.01653870448297634,0.16166666666666668,0.037105509068513065,0.07981955353064252,-0.12306943560793793,-0.017275788568509087
2012-07-31,7584.261363636364,0.020997012906498247,-0.009734572941872854,0,17.565238095238094,19.899336219336217,-0.9193940891184053,8.2,0.014175114798464783,0.15645161290322582,0.03418677881567289,0.08211934567458812,-0.08463734534482503,-0.05924835529561456
2012-08-31,7510.431818181818,-0.009734572941872854,0.07686784139636083,1,15.689565217391305,18.128585231193927,-1.0090195644362792,8.1,0.016859349154821235,0.13225806451612904,0.02285596731143258,0.06478867136755051,-0.048940321875072024,-0.1102952781016765
2012-09-30,8087.7425,0.07686784139636083,-0.0031788711503053513,0,15.284736842105264,16.17984671824489,-0.9765215195057743,7.8,0.019497168982819613,0.14433333333333334,0.022951570495009843,0.013986398480101192,0.08877589230360461,-0.045219142265728984
2012-10-31,8062.032608695652,-0.0031788711503053513,-0.04351326185284876,0,16.276190476190475,15.750164178562349,-0.7184382195946689,7.8,0.021556780595369363,0.15838709677419355,0.019430024786973865,0.0016199674549715048,0.06299509235665557,-0.02697399037498871
2012-11-30,7711.227272727273,-0.04351326185284876,0.03310232734039387,1,16.701904761904764,16.08761069340017,-0.6019957666778363,7.7,0.017960197033926262,0.16066666666666668,0.023257536633332743,0.0023031860667541704,0.02673554056630323,-0.0235132272695876
2012-12-31,7966.486842105263,0.03310232734039387,0.010952355283789794,1,17.307,16.76169841269841,-0.24385974432424104,7.9,0.017595049796895523,0.16451612903225807,0.020268355938483085,-0.014372235667561406,-0.014992522065920943,0.07245239571340001
2013-01-31,8053.738636363636,0.010952355283789794,0.0008923015708401927,1,13.505238095238095,15.83804761904762,-1.690413287838165,8.0,0.01684061762098299,0.14258064516129032,0.014467904237824847,-0.008955637355059776,-0.001028769385411632,0.061901515548796304
2013-02-28,8060.925,0.0008923015708401927,-0.05068276903705227,0,14.072631578947368,14.961623224728486,-1.193500126974027,7.7,0.020181404902574807,0.14500000000000002,0.015945538776370727,0.017678577644750115,0.045349166209835756,0.07329714124899
2013-03-31,7652.375,-0.05068276903705227,-0.0563502305151139,0,13.0315,13.53645655806182,-1.3800385722909112,7.5,0.015187472411246183,0.1435483870967742,0.02534732272069462,0.021013599168802077,-0.03942915469904351,-0.053830534293098475
2013-04-30,7221.161904761905,-0.0563502305151139,0.00381550522142593,1,13.967272727272727,13.690468102073366,-0.8710455417404429,7.6,0.01138808047576867,0.145,0.017145631127746475,0.013568297453755873,-0.103377669576033,-0.10430008717984962
2013-05-31,7248.714285714286,0.00381550522142593,-0.03427873908673462,0,13.493636363636364,13.497469696969697,-0.9351847591900113,7.5,0.013903888279197085,0.10903225806451612,0.015594777439077445,0.00039118529784110123,-0.10075899655259335,-0.059979166824557506
2013-06-30,7000.2375,-0.03427873908673462,-0.013370431453529119,0,17.2715,14.910803030303029,1.1462263512485988,7.5,0.017157935271568725,0.09366666666666666,0.017645800035426706,-0.0063618039316495345,-0.08522027475130267,-0.12128926605368207
2013-07-31,6906.641304347826,-0.013370431453529119,0.04048403316908278,1,13.974545454545455,14.913227272727271,-0.6865217596104962,7.3,0.01885471805415806,0.09258064516129033,0.012364196654177428,0.004991316029844706,-0.043555400718362614,-0.14243041447068105
2013-08-31,7186.25,0.04048403316908278,-0.003754524596410014,0,14.21,15.152015151515151,-0.4561629555614033,7.2,0.01538809488600279,0.08290322580645161,0.022593571227008002,0.01282441795982181,-0.008617291736465638,-0.10850801862069182
2013-09-30,7159.269047619048,-0.003754524596410014,0.006111335000873908,1,14.692000000000002,14.292181818181819,-0.11721405565030636,7.2,0.010947341081747997,0.08,0.02854766330187619,0.02737260414903453,0.022718021726984006,-0.06443828907769833
2013-10-31,7203.021739130435,0.006111335000873908,-0.018376589995083403,0,15.407826086956522,14.769942028985506,0.40001688808109237,7.2,0.00876799143491147,0.08709677419354839,0.024178437626957816,0.019201221793032408,0.042912382694035855,-0.002512084048345131
2013-11-30,7070.654761904762,-0.018376589995083403,0.02040054888161147,1,12.924000000000001,14.341275362318841,-1.0613550235087212,6.9,0.012328701961954458,0.08433333333333333,0.02281966236973343,0.020755252917544542,-0.016085613232943108,-0.024564290547420597
2013-12-31,7214.9,0.02040054888161147,0.010612192697183609,1,14.192380952380953,14.17473567977916,-0.030741937337859335,6.7,0.015128383667573297,0.08516129032258064,0.02245344069429267,0.029199148463161295,0.007770479361919325,0.03066503100787643
2014-01-31,7291.465909090909,0.010612192697183609,-0.01950957610780979,0,14.24095238095238,13.78577777777778,-0.042368595711716674,6.6,0.01557758795574915,0.07161290322580646,0.01856627704298197,0.040068403267007335,0.012278759271265427,0.05571805278215769
2014-02-28,7149.2125,-0.01950957610780979,-0.06982262531912231,0,15.47,14.634444444444446,0.8865124465859505,6.7,0.011204746347724948,0.06642857142857143,0.02148610089064018,0.03380315822441338,0.011110390867687503,-0.005153939815620179
2014-03-31,6650.035714285714,-0.06982262531912231,0.003537843513192751,1,14.836666666666666,14.84920634920635,0.24938473160390254,6.7,0.016126949139408042,0.07806451612903226,0.02724108069090181,0.021941037551478804,-0.07829135340951165,-0.07112923539347771
2014-04-30,6673.5625,0.003537843513192751,0.03260065369883036,1,14.19809523809524,14.834920634920636,-0.3393780465933059,6.2,0.02015125303606169,0.09033333333333333,0.029123215934373725,0.021159949415622492,-0.08474337215518135,-0.07350515635044474
2014-05-31,6891.125,0.03260065369883036,-0.010155401746034687,0,12.475238095238096,13.836666666666668,-1.6315691545694102,6.3,0.02166947687079812,0.08709677419354837,0.03226027611336124,0.012331926012275618,-0.036100129909413026,-0.025390825595393518
2014-06-30,6821.142857142857,-0.010155401746034687,0.04284290532542223,1,11.541428571428572,12.73825396825397,-2.115215389844892,6.1,0.020589816945944195,0.09566666666666666,0.03365841732090935,0.005829424190998411,0.02573025923598693,-0.05457555099268774
2014-07-31,7113.380434782609,0.04284290532542223,-0.015680721114983975,0,12.296363636363635,12.104343434343434,-1.2421522251560337,6.2,0.019742378703305974,0.09096774193548386,0.03917788807990186,-0.002860556582497731,0.06590452022927917,-0.024423823210400708
2014-08-31,7001.8375,-0.015680721114983975,-0.018512510595838694,0,13.491904761904761,12.443232323232323,-0.2536407186235931,6.1,0.017150983482969062,0.08806451612903225,0.031253041765382905,0.009239974498962411,0.016065954397866733,-0.020614158552427986
2014-09-30,6872.215909090909,-0.018512510595838694,-0.019606143055416303,0,13.466666666666667,13.084978354978354,-0.1974550699081372,5.9,0.016840509711232077,0.08833333333333333,0.0289843352202952,0.028354398699383943,0.007487462587676186,0.03341037617706388
2014-10-31,6737.478260869565,-0.019606143055416303,-0.0036554122946269585,0,18.058695652173913,15.005755693581781,2.4046162757478124,5.7,0.016095417021513292,0.08903225806451612,0.029919466037849007,0.05340946432057758,-0.05284437931577213,0.009577457447887072
2014-11-30,6712.85,-0.0036554122946269585,-0.03968472691146374,0,13.413157894736841,14.97950673785914,-0.3304829964582926,5.8,0.01231524989320798,0.09200000000000001,0.0338610667511996,0.06148436240020172,-0.04127309438415261,-0.025870231638520536
2014-12-31,6446.452380952381,-0.03968472691146374,-0.09554350676451795,0,16.292272727272728,15.921375424727827,1.1756065106915317,5.6,0.006531213919623191,0.12258064516129032,0.03170492700276073,0.08456937201387604,-0.061954329399823926,-0.054930747535673397
2015-01-31,5830.535714285714,-0.09554350676451795,-0.01736730881136872,0,19.1195,16.27497687400319,1.9659120858083738,5.7,-0.002299309782054282,0.11483870967741935,0.027262407410550527,0.09840699959778387,-0.13461157297549453,-0.18034248726865687
2015-02-28,5729.275,-0.01736730881136872,0.03672287585173617,1,15.90421052631579,17.105327751196175,0.5609581726716275,5.5,-0.0008703146293520536,0.11071428571428572,0.0130473816054415,0.1111827543805135,-0.14652122421922142,-0.1817469342868926
2015-03-31,5939.670454545455,0.03672287585173617,0.017242883462695868,1,14.812727272727273,16.612145933014357,0.09551030855465828,5.4,-0.00022031284423873476,0.11290322580645161,-2.7479483621140055e-05,0.1368467247378553,-0.07861408049865326,-0.13569792725979934
2015-04-30,6042.0875,0.017242883462695868,0.0418214426370811,1,13.494761904761905,14.737233234601655,-0.4389273845526873,5.4,-0.0010403098939391064,0.12466666666666668,-0.0064445725580629665,0.13146081722147307,0.036283421640991076,-0.10321231979453027
2015-05-31,6294.776315789474,0.0418214426370811,-0.07335684843873547,0,13.3385,13.881996392496395,-0.5486120702809187,5.6,0.0003503321824429584,0.12322580645161291,-0.01460487812501221,0.12529606969876905,0.09870381781106241,-0.062279610628946935
2015-06-30,5833.011363636364,-0.07335684843873547,-0.0645055084209194,0,14.339545454545457,13.72426911976912,-0.2364303337632177,5.3,0.001795718097550525,0.129,-0.021063902272837942,0.1316415138314313,-0.01795707215161535,-0.09515947393462154
2015-07-31,5456.75,-0.0645055084209194,-0.06037476519906537,0,14.352727272727272,14.010257575757578,-0.33537093571797616,5.2,0.0022568611104094582,0.13032258064516128,-0.016903126553953207,0.1551187016424973,-0.09687670031259887,-0.06410829683623775
2015-08-31,5127.3,-0.06037476519906537,0.017543346400639592,1,19.42809523809524,16.04012265512266,1.7372838094251497,5.1,0.002413037985344868,0.13806451612903226,-0.016854337113987983,0.1627807815639637,-0.18546748243635602,-0.10507001322156806
2015-09-30,5217.25,0.017543346400639592,-0.00022216510788075627,0,24.377142857142857,19.385988455988457,2.4029146524247715,5.0,8.842961634170088e-05,0.136,-0.022407414414912674,0.1532486231868191,-0.1055649175441502,-0.12162635285474599
2015-10-31,5216.090909090909,-0.00022216510788075627,-0.07978889832245695,0,16.789545454545454,20.198261183261184,0.14776578804277443,5.0,0.0012761656067050708,0.1235483870967742,-0.027250660674994598,0.12791479338673395,-0.04410300836745151,-0.13670715475555273
2015-11-30,4799.904761904762,-0.07978889832245695,-0.03355721343677465,0,16.21,19.12556277056277,-0.10418913257460514,5.1,0.004363182169185187,0.11766666666666666,-0.04033068306068888,0.12689261075647518,-0.06385334154335376,-0.2374781054785151
2015-12-31,4638.833333333333,-0.03355721343677465,-0.036010311500736414,0,18.025454545454547,17.008333333333336,0.42254037434287883,5.0,0.006387247515364791,0.24064516129032257,-0.04496144811599123,0.11180151284343287,-0.11086619707061518,-0.20472753366257235
2016-01-31,4471.7875,-0.036010311500736414,0.028362606143303326,1,23.717894736842105,19.317783094098885,1.78432432267586,4.8,0.012375025026943876,0.3429032258064516,-0.03236256019749162,0.11057792668016808,-0.14269371873747316,-0.1805035048334631
2016-02-29,4598.619047619048,0.028362606143303326,0.07723591968603416,1,22.517,21.42011642743222,1.2194778669369164,4.9,0.008472775790126619,0.37517241379310345,-0.031193297695960798,0.08665325398063439,-0.041935355860235446,-0.10311098480310343
2016-03-31,4953.797619047619,0.07723591968603416,-0.016363107668719734,0,15.84909090909091,20.69466188197767,-0.4678641083584019,5.0,0.008916160965521946,0.362258064516129,-0.03515311400177057,0.04218007969332116,0.06789730587021592,-0.05049640729357052
2016-04-30,4872.738095238095,-0.016363107668719734,-0.03657093645403231,0,14.300476190476191,17.555522366522368,-0.8916679751403018,5.1,0.011726257503534843,0.3653333333333333,-0.026579036961380753,0.03445901027830933,0.08966226486345663,-0.06582569587780729
2016-05-31,4694.5375,-0.03657093645403231,-0.011198460105833918,0,14.852857142857141,15.000808080808083,-0.810165984474703,4.8,0.010784764621246223,0.36516129032258066,-0.02448153056399993,0.05439890774981326,0.020858099222333948,-0.021951948451358172
2016-06-30,4641.965909090909,-0.011198460105833918,0.04802681820158261,1,17.774545454545457,15.642626262626264,-0.11379855681618882,4.9,0.010792865347959424,0.37766666666666665,-0.01678117946525337,0.05067519566125411,-0.06294801159371155,0.0006752938794041263
2016-07-31,4864.904761904762,0.04802681820158261,-0.023275750071409917,0,13.1585,15.261967532467532,-1.3244265446048635,4.8,0.008683633430518256,0.3916129032258065,-0.02196738284260069,0.040266168527297364,-0.0016075834941730038,0.087910541792239
2016-08-31,4751.670454545455,-0.023275750071409917,-0.006201168488593867,0,12.399565217391304,14.444203557312255,-1.2656384533505294,4.9,0.010553158595656864,0.3967741935483871,-0.02164263084601936,0.013290281607824417,0.012170092271167166,0.0332820364856381
2016-09-30,4722.204545454545,-0.006201168488593867,0.001918036209608509,1,14.21952380952381,13.259196342305039,-0.6985297466164468,5.0,0.015486446201652182,0.39633333333333337,-0.019939516469206886,0.013221363471015879,0.017285485920199406,-0.04675061264161995
2016-10-31,4731.261904761905,0.001918036209608509,0.1521095064924609,1,14.585238095238097,13.734775707384403,-0.5330742667463896,4.9,0.01685924966243646,0.3964516129032258,-0.015023811304759715,0.03249324407760046,-0.02747080645634925,-0.02903422833549152
2016-11-30,5450.931818181818,0.1521095064924609,0.038418785778912,1,15.236190476190476,14.680317460317461,-0.3241212887239754,4.7,0.016843334719788938,0.4066666666666666,-0.011862778785850958,0.03953658160067253,0.14716116581010974,0.16112222304791857
2016-12-31,5660.35,0.038418785778912,0.016643762984536847,1,12.472380952380954,14.09793650793651,-0.9390524509064245,4.7,0.020507989115119862,0.54,-0.0002049641716570516,0.04538772030113125,0.19866683992934742,0.21938637871395605
2017-01-31,5754.559523809524,0.016643762984536847,0.032383534381639434,1,11.6085,13.105690476190476,-1.129549660590077,4.7,0.025103933482571117,0.6496774193548387,-0.008031281419274894,0.0221408860906942,0.21628428940230382,0.18287197909223485
2017-02-28,5940.9125,0.032383534381639434,-0.01957309844529631,0,11.530526315789475,11.870469089390141,-1.3311742369142683,4.6,0.028103616813294208,0.6567857142857143,-0.006864591168616152,0.016088786836183644,0.08988934335664056,0.25027872972901877
2017-03-31,5824.630434782609,-0.01957309844529631,-0.02416078729466775,0,11.89782608695652,11.67895080091533,-0.9594577170790648,4.4,0.0244119623655914,0.7861290322580645,0.007162067590550603,0.033625368557338,0.02902301708951005,0.23345576810924595
2017-04-30,5683.902777777778,-0.02416078729466775,-0.014838968445767486,0,13.136315789473684,12.188222730739893,-0.23699880445614216,4.4,0.02176223471915395,0.896,0.013993011097695573,0.043199828372963545,-0.012278393461637283,0.20135027233581448
2017-05-31,5599.559523809524,-0.014838968445767486,0.02146630271822958,1,10.862272727272726,11.965471534567646,-1.2217369161385219,4.4,0.018563431667619756,0.9074193548387097,0.017500792534729248,0.028060132279488448,-0.057458004336956026,0.027266476739252532
2017-06-30,5719.761363636364,0.02146630271822958,0.046393138998718886,1,10.513636363636364,11.504074960127591,-1.4318092006976721,4.3,0.01640565809959127,1.04,0.014803308546539107,0.010762365238190297,-0.018004416300818726,0.010496058306705969
2017-07-31,5985.119047619048,0.046393138998718886,0.08362506215813026,1,10.2645,10.54680303030303,-1.3161059288124568,4.3,0.017251073506566073,1.1506451612903223,0.011187969195710634,-0.012595742660585163,0.052994620354684496,0.04006553809298219
2017-08-31,6485.625,0.08362506215813026,0.014114548199543941,1,11.975652173913044,10.917929512516471,-0.23600216148151285,4.4,0.0192812155729698,1.1570967741935483,0.008523014668689877,-0.013752073918806729,0.1582384243658621,0.09168835595541913
2017-09-30,6577.166666666667,0.014114548199543941,0.03503569511602356,1,10.437999999999999,10.892717391304346,-1.0064598869119195,4.3,0.021805652303711787,1.153333333333333,0.010630336308315114,-0.03082900328623861,0.14990228586830479,0.12919896640826867
2017-10-31,6807.602272727273,0.03503569511602356,0.002782651080259546,1,10.125454545454545,10.846368906455863,-1.056847052063706,4.2,0.02020757753132485,1.1538709677419354,0.022919955326540453,-0.022784981352219624,0.1374213643144524,0.19769857769960386
2017-11-30,6826.545454545455,0.002782651080259546,0.0010765741392311234,1,10.54047619047619,10.36797691197691,-0.7652421595618879,4.2,0.02172493864295566,1.157,0.029662701539719283,-0.04258113697463939,0.05256555143805808,0.2191218658394012
2017-12-31,6833.894736842105,0.0010765741392311234,0.033942216673994885,1,10.2645,10.310143578643578,-0.89566435555873,4.1,0.021299307195522532,1.3016129032258066,0.02467143465957866,-0.05961603656605374,0.039033231661369516,0.19478668818054068
2018-01-31,7065.852272727273,0.033942216673994885,-0.008396336413126648,0,11.062380952380952,10.62245238095238,0.0124828238199515,4.0,0.02151318868063945,1.414516129032258,0.027352874765469437,-0.08005213227910568,0.037935529963994075,0.1805700465620903
2018-02-28,7006.525,-0.008396336413126648,-0.029593333153229207,0,22.464736842105264,14.597205931495404,3.0634882125118783,4.1,0.02263468931091861,1.4175,0.033994953469032696,-0.0729440779111552,0.026364659351195696,0.08031608364652598
2018-03-31,6799.178571428571,-0.029593333153229207,0.0076970957626185665,1,19.023809523809526,17.51697577276525,1.621952119265134,4.0,0.023309497646499366,1.5061290322580645,0.03224806264183644,-0.066651820647051,-0.005079997095415623,0.033754945862489505
2018-04-30,6851.5125,0.0076970957626185665,-0.003829620171632131,0,18.267619047619046,19.91872180451128,1.2239809170291607,4.0,0.024709963021052994,1.6923333333333332,0.03309758614070435,-0.05947939400904967,-0.030334595807299913,0.006450175188500662
2018-05-31,6825.27380952381,-0.003829620171632131,0.02059746425662312,1,14.124545454545455,17.13865800865801,0.2033531692860664,3.8,0.02781921607842497,1.7,0.022584201444366236,-0.028112334287663243,-0.025868913687768114,-0.00018627943373583644
2018-06-30,6965.857142857143,0.02059746425662312,-0.10265888722544658,0,13.678095238095239,15.356753246753248,0.03797100368079152,4.0,0.028075506935940187,1.8196666666666665,0.028410387544831828,0.0007462408374077079,0.024514515934172865,0.019309985169016164
2018-07-31,6250.75,-0.10265888722544658,-0.03194889340551854,0,13.147619047619049,13.65008658008658,-0.15056880484639093,3.8,0.02854124785561929,1.91,0.032543243815604805,0.017998994632552945,-0.08768319403927227,-0.1153579555962978
2018-08-31,6051.045454545455,-0.03194889340551854,-4.67612658970884e-05,0,12.54695652173913,13.124223602484472,-0.31161200398641775,3.8,0.026429238568742575,1.9148387096774193,0.04353587280888749,0.03571938324450641,-0.11343550113667489,-0.13636996163640958
2018-09-30,6050.7625,-4.67612658970884e-05,0.02790135235381319,1,12.910526315789474,12.868367295049218,-0.2814430445890038,3.7,0.02332055105808828,1.9546666666666668,0.04313826088176409,0.04799462030988999,-0.13136856299091493,-0.11007448378743223
2018-10-31,6219.586956521739,0.02790135235381319,-0.00380515653880642,0,19.35217391304348,14.936552250190696,1.145464153083898,3.8,0.02492032470218053,2.187741935483871,0.02930867401734427,0.03554975368976954,-0.00498548869787796,-0.09223153916427373
2018-11-30,6195.920454545455,-0.00380515653880642,-0.01946517324690522,0,19.38904761904762,17.217249282626856,0.9791320913839056,3.8,0.02147328577667773,2.197666666666667,0.027666629800210174,0.04502843895963182,0.023942143731736865,-0.09220924647743389
2018-12-31,6075.315789473684,-0.01946517324690522,-0.022420812590914108,0,24.953157894736844,21.23145980894265,1.8560270079892802,3.9,0.020023809043401064,2.274193548387097,0.025912536810940523,0.04812587401307722,0.004057883526858763,-0.12784375779176416
2019-01-31,5939.102272727273,-0.022420812590914108,0.06084846003279498,1,19.57238095238095,21.304862155388474,0.5170221798229249,4.0,0.014875893578291333,2.4,0.01911642232351851,0.05616366620972535,-0.04509699530776001,-0.04985765344522286
2019-02-28,6300.4875,0.06084846003279498,0.02205810037942091,1,15.234736842105262,19.920091896407687,-0.42306888596896375,3.8,0.015188615351321877,2.4,0.011096417703535089,0.06282308283374793,0.01687675725046356,0.041222966730016575
2019-03-31,6439.464285714286,0.02205810037942091,-0.000171098971187722,0,14.485238095238095,16.430785296574772,-0.5216956895968516,3.8,0.018831863513063984,2.4051612903225807,0.006545559146318158,0.06333045813953975,0.05993902356014802,0.06424013266332729
2019-04-30,6438.3625,-0.000171098971187722,-0.06530507378160799,0,12.949047619047619,14.223007518796992,-0.7919460398193523,3.7,0.020005834702090608,2.423666666666667,-0.010247462328067725,0.06448194300076948,0.08406324800388787,0.035175252795341505
2019-05-31,6017.904761904762,-0.06530507378160799,-0.02254601348357288,0,16.721818181818183,14.7187012987013,0.1239911703752415,3.6,0.017959105553606136,2.390967741935484,-0.00010156011968476264,0.044218566013936256,-0.044850932264406174,-0.028731113310226042
2019-06-30,5882.225,-0.02254601348357288,0.010025228918294049,1,15.836000000000002,15.16895526695527,-0.15646710658736676,3.6,0.01671194894390049,2.377666666666667,-0.0073693288629623765,0.02288682926615171,-0.0865350378525277,-0.03178283996500064
2019-07-31,5941.195652173913,0.010025228918294049,-0.039008171006561065,0,13.305909090909092,15.287909090909094,-0.8349333118823478,3.7,0.01826331335037068,2.4029032258064515,-0.013774541767684445,0.017849512697064807,-0.07721945569639599,0.00035247405256066955
2019-08-31,5709.440476190476,-0.039008171006561065,0.008724063945887428,1,18.97909090909091,16.040333333333336,0.5567256089862829,3.6,0.017376412106666406,2.1258064516129034,-0.013396749291328724,0.028715708598468392,-0.051257754636956476,-0.09380972882011496
2019-09-30,5759.25,0.008724063945887428,-0.0003389632179612301,0,15.559000000000001,15.948000000000002,-0.48033066673716873,3.5,0.016844977040391562,2.043,-0.01737457300836487,0.028447535693975956,-0.020906204709952525,-0.1056321233465517
2019-10-31,5757.297826086957,-0.0003389632179612301,0.017830336030261407,1,15.466521739130435,16.668204216073786,-0.417216274551773,3.6,0.017339736996186295,1.8296774193548386,-0.024594751580988228,0.016676643756766252,-0.030952999506028256,-0.10578228142839785
2019-11-30,5859.952380952381,0.017830336030261407,0.03704980944099989,1,12.5235,14.516340579710148,-1.084593494837761,3.6,0.020922903948629168,1.5533333333333335,-0.02047601522464615,0.0033608214740219466,0.026361936058282742,-0.026247072228904322
2019-12-31,6077.0625,0.03704980944099989,-0.007545324585835456,0,13.756666666666666,13.915562801932369,-0.7235760975662894,3.6,0.023195274699624457,1.550967741935484,-0.022991807373363926,-0.0026003835193300073,0.05518296653210064,0.03312309542732539
2020-01-31,6031.209090909091,-0.007545324585835456,-0.05694697128421411,0,13.94095238095238,13.407039682539684,-0.5275229548853689,3.6,0.02599767976845202,1.5506451612903225,-0.02290379015513233,0.007312805884297946,0.04757635840567631,0.015150727901418692
2020-02-29,5687.75,-0.05694697128421411,-0.08880808435992826,0,19.628947368421052,15.775522138680037,1.9219947215768363,3.5,0.023413166797595197,1.5831034482758621,-0.014232217750208775,0.02008107853256247,-0.029386310631485668,-0.0037990546150590276
2020-03-31,5182.631818181818,-0.08880808435992826,-0.024053381091916237,0,57.73681818181819,30.43557264373054,3.1227197771927426,4.4,0.014940399642909163,0.6522580645161291,-0.053150549643890654,0.05435642602038948,-0.14718141895334824,-0.10012035973749744
2020-04-30,5057.972,-0.024053381091916237,0.03595399812206845,1,41.453809523809525,39.606525024682924,1.4587175975317301,14.8,0.003130472940411133,0.049,-0.17318282261376305,0.07290093297845379,-0.16136682980798367,-0.12146771753203978
2020-05-31,5239.826315789474,0.03595399812206845,0.09824164156067483,1,30.897000000000002,43.36254256854257,0.6035899709330048,13.2,0.001982013035848551,0.05,-0.1604773810453941,0.057414440352380414,-0.07875235096664335,-0.10582442054966346
2020-06-30,5754.595454545455,0.09824164156067483,0.10736904442721862,1,31.119545454545456,34.49011832611833,0.5271682661348414,11.0,0.007166562831830481,0.07766666666666668,-0.10586064673581452,0.03681575340563126,0.1103616186581231,-0.05306297992731601
2020-07-31,6372.460869565217,0.10736904442721862,0.021331160812120276,1,26.840454545454545,29.619000000000003,0.14700766717086042,10.2,0.009968647625897997,0.09258064516129033,-0.06783544959427434,0.0313915077850635,0.25988456827464,0.056580989568161044
2020-08-31,6508.392857142857,0.021331160812120276,0.030192882816143962,1,22.88952380952381,26.949841269841272,-0.16625261017802787,8.4,0.012810698495523853,0.09516129032258065,-0.06512241935326724,-0.00132398149488,0.24210087604063069,0.14428251191470376
2020-09-30,6704.9,0.030192882816143962,0.0013290822587010975,1,27.64761904761905,25.79253246753247,0.11220680966538078,7.8,0.013910228912373812,0.09,-0.061831018547937044,-0.00835964794448274,0.1651383755749356,0.2937249326640816
2020-10-31,6713.811363636364,0.0013290822587010975,0.052890342011106206,1,29.438636363636363,26.658593073593078,0.16459673673161895,6.9,0.012303863428671624,0.09,-0.04622683457542831,-0.008278165079724342,0.05356651081239794,0.3273721886234966
2020-11-30,7068.907142857143,0.052890342011106206,0.09949641976718304,1,24.9955,27.36058513708514,-0.2799234658754198,6.7,0.011757452138405844,0.08633333333333333,-0.04763324870606622,-0.021114272863379857,0.08612176585178499,0.34907279685129877
2020-12-31,7772.238095238095,0.09949641976718304,0.02572095737576352,1,22.37409090909091,25.602742424242425,-0.5928573623640809,6.7,0.013204191315779434,0.09,-0.0328150457766595,-0.03459933748621635,0.15918777241093762,0.35061415813320806
2021-01-31,7972.1475,0.02572095737576352,0.06256689304857943,1,24.91,24.093196969696972,-0.48972742394433155,6.4,0.013738437137002402,0.08516129032258064,-0.021295843569181794,-0.03289498350955877,0.18742500618636537,0.25103122061915895
2021-02-28,8470.94,0.06256689304857943,0.06106852676172392,1,23.140526315789476,23.474872408293464,-0.7069282242244986,6.2,0.016698167791706853,0.07571428571428572,-0.056805772711803426,-0.0402147859912354,0.19833799324405565,0.3015409773095181
2021-03-31,8988.247826086958,0.06106852676172392,0.037445526695002895,1,21.84304347826087,23.297856598016782,-0.9886937933411426,6.1,0.026678187820641908,0.06967741935483872,0.010038210492383515,-0.06350953030062045,0.15645554291419472,0.3405491246829868
2021-04-30,9324.8175,0.037445526695002895,0.09023956769127128,1,17.416190476190476,20.799920090080278,-1.9279883659427965,6.1,0.04133077115360573,0.069,0.1655213518144698,-0.08637272268867147,0.16967448231483417,0.38890072939872566
2021-05-31,10166.285,0.09023956769127128,-0.052603778076258934,0,19.7605,19.673244651483785,-1.1628162659543035,5.8,0.04918257089467626,0.05806451612903226,0.15673379835366053,-0.09299628161348295,0.2001365846057226,0.4381692664151964
2021-06-30,9631.5,-0.052603778076258934,-0.01875923225401488,0,16.956818181818182,18.04450288600289,-1.608039123580235,5.9,0.05295632620349999,0.078,0.08958396565691418,-0.06767328603338696,0.07156591433161252,0.23921834122671037
2021-07-31,9450.820454545456,-0.01875923225401488,-0.008537024219741562,0,17.603333333333335,18.10688383838384,-1.2040111672613951,5.4,0.05245169381309234,0.09806451612903226,0.054998863464161385,-0.047406930508336,0.013512645641102994,0.18547987910979513
2021-08-31,9370.138571428572,-0.008537024219741562,-0.004848276856070255,0,17.472727272727273,17.344292929292934,-1.0600161279669171,5.1,0.05152015301793966,0.09225806451612903,0.04261168528131454,-0.030294589118261106,-0.07831242470296951,0.10615097869050794
2021-09-30,9324.709545454543,-0.004848276856070255,0.05410458092074677,1,19.824761904761903,18.300274170274175,-0.38433762224376744,4.7,0.05351215590949132,0.07933333333333333,0.030124970172007215,-0.024920987008135054,-0.031852821943150755,0.03743351606205825
2021-10-31,9829.219047619048,0.05410458092074677,-0.010205744899825286,0,17.871428571428574,18.389639249639252,-0.8245036929716748,4.5,0.06235042390298062,0.07903225806451614,0.03562870970876397,-0.014824080486766422,0.04003870297753864,0.0540923774239066
2021-11-30,9728.904545454545,-0.010205744899825286,-0.018267683131661494,0,18.50047619047619,18.732222222222223,-0.4919422989889462,4.1,0.06901970403700863,0.07966666666666668,0.03897545981936834,0.007812510955455876,0.03828822501301343,-0.04302264342829809
2021-12-31,9551.18,-0.018267683131661494,0.024201983419849693,1,21.354545454545455,19.242150072150075,0.6331459370726858,3.9,0.07174340285065539,0.07967741935483871,0.022463731281071153,0.03490036846507505,0.024287132316722193,-0.008339303327622893
2022-01-31,9782.3375,0.024201983419849693,0.016441622464978378,1,23.181,21.012007215007216,1.569433171394481,4.0,0.07558805726967832,0.07935483870967742,0.013181341030033655,0.031842269588421956,-0.004769610626431664,0.03507812332791671
2022-02-28,9943.175,0.016441622464978378,0.028936321953850763,1,25.748421052631578,23.42798883572568,2.1698409253747317,3.9,0.07937278766517819,0.08,0.05429593086433182,0.0266092474642019,0.022024109039651796,0.06115559809528648
2022-03-31,10230.89391304348,0.028936321953850763,-0.005527014010356268,0,26.968695652173913,25.299372234935166,1.9786434621182658,3.7,0.08572204966013852,0.2009677419354839,0.030544104015221674,0.026065670920813577,0.0711654385158147,0.09718097525414793
2022-04-30,10174.34761904762,-0.005527014010356268,-0.07659659130000285,0,24.3735,25.696872234935167,1.0263745507469126,3.7,0.08231750770777224,0.33,0.029234354755085068,0.04027716226777667,0.040073256422365366,0.03511251196626586
2022-05-31,9395.027272727271,-0.07659659130000285,-0.03485625374351786,0,29.313636363636363,26.885277338603427,1.8232777237416586,3.6,0.08538171195642064,0.765483870967742,0.019110298059100916,0.07628583137625444,-0.055128037802083085,-0.03431807467812653
2022-06-30,9067.551818181819,-0.03485625374351786,-0.1679331229537575,0,28.23318181818182,27.30677272727273,1.3070320644805813,3.6,0.08979361103105798,1.2049999999999998,0.012217594016755706,0.07571418315146716,-0.11370874380571017,-0.050635437905911296
2022-07-31,7544.809523809524,-0.1679331229537575,0.05911383828790462,1,24.995238095238093,27.514018759018757,0.4479032357174367,3.5,0.08462576727730098,1.6758064516129034,0.00968659945597028,0.08568544629669561,-0.25844783308909947,-0.22873142295391835
2022-08-31,7990.812173913043,0.05911383828790462,-0.030635285243702848,0,22.169565217391302,25.13266171027041,-0.368770029003372,3.6,0.08222579178218825,2.33,0.010521402147261716,0.07861566501201689,-0.14946365327650624,-0.19635205315072468
2022-09-30,7746.011363636364,-0.030635285243702848,-0.012255146815191686,0,27.34181818181818,24.835540498149197,0.8621410908214925,3.5,0.08192106896425821,2.555,0.024620187157526008,0.10710905304147622,-0.14574390982751984,-0.24288029672941003
2022-10-31,7651.082857142857,-0.012255146815191686,0.05212053168672948,1,30.005714285714287,26.505699228307922,1.3983576639408473,3.6,0.07758813957693,3.08,0.010648183730078253,0.11762852941061741,0.014085621777191637,-0.24800260973793575
2022-11-30,8049.861363636364,0.05212053168672948,0.039905035066950534,1,23.29909090909091,26.882207792207794,-0.8077481715540222,3.6,0.07122856456533988,3.7800000000000002,0.0008902953837490735,0.08577217656575531,0.007389635551201534,-0.14317849965116924
2022-12-31,8371.091363636364,0.039905035066950534,0.07600621858744261,1,21.784285714285716,25.02969696969697,-1.3839405166593606,3.5,0.06404600402357152,4.104193548387097,-0.008016099812473643,0.05552278504753061,0.08069701561947573,-0.07680799277583905
2023-01-31,9007.346363636363,0.07600621858744261,-0.007855739168866283,0,20.16904761904762,21.750808080808085,-1.6634732734532411,3.5,0.06327178517960097,4.33,0.003188082918103907,0.04148902860011994,0.17726425550696168,0.19384675454183964
2023-02-28,8936.587,-0.007855739168866283,-0.008982862297964744,0,20.1205,20.69127777777778,-1.3783826059207627,3.6,0.05957820738137087,4.57,-0.001634816837026265,0.04618031173243642,0.11015415002912232,0.11835778460349133
2023-03-31,8856.310869565217,-0.008982862297964744,-0.0053242676617485385,0,21.644347826086957,20.64463181504486,-0.7988921313378088,3.5,0.04917719362889961,4.6490322580645165,-0.0036512224493961964,0.0383020188550498,0.05796370925260996,0.1433382232230065
2023-04-30,8809.1575,-0.0053242676617485385,-0.06425148069420683,0,17.817894736842106,19.860914187643022,-1.5202259477762616,3.4,0.049500798791243694,4.83,-0.001843454258675048,0.017721013156152043,-0.022003024601837673,0.15136088113017787
2023-05-31,8243.156086956522,-0.06425148069420683,0.018604723566847836,1,17.63608695652174,19.032776506483604,-1.3274020269839173,3.6,0.04131851231385042,5.055806451612903,-0.003995717112307395,-0.0005592152136973949,-0.07759460217233694,0.024012180407643857
2023-06-30,8396.517727272727,0.018604723566847836,0.009546972084147232,1,14.003181818181817,16.485721170515223,-1.7723376388043808,3.6,0.03070617072997095,5.076333333333333,-0.008893464531073647,-0.006071675358124806,-0.05191700574474789,0.0030374012816074547
2023-07-31,8476.679047619047,0.009546972084147232,-0.015200621142506865,0,13.932380952380951,15.190549909028173,-1.4449008444204636,3.5,0.03287749268428297,5.12,-0.0031247838929887584,-0.03830540964161666,-0.03774236666570574,-0.05891494504526629
2023-08-31,8347.828260869564,-0.015200621142506865,-0.008518916432325718,0,15.85391304347826,14.596491938013678,-0.8974459985559412,3.7,0.03722504803505289,5.33,-0.0025421306219911566,-0.020123034507096293,0.012698070109174564,-0.06588183376164025
2023-09-30,8276.71380952381,-0.008518916432325718,-0.040518242886085076,0,15.173333333333332,14.986542443064183,-0.8909953265639465,3.7,0.03687206638119256,5.33,-0.002672476942852109,-0.03144299197576972,-0.014268286168179212,-0.06544452521796607
2023-10-31,7941.355909090909,-0.040518242886085076,0.0312581152417124,1,18.887727272727272,16.638324549846292,0.16729422203324862,3.9,0.032512659098611785,5.33,-0.007742988102069082,-0.031247556292601453,-0.06315246047666523,-0.09851130382321915
2023-11-30,8189.587727272727,0.0312581152417124,0.02665735519148682,1,14.01909090909091,16.026717171717177,-1.2034768430174836,3.7,0.031333462745911866,5.33,-0.0009043615385835313,-0.02907906211414546,-0.018955892317357614,-0.006498525457810822
2023-12-31,8407.900476190476,0.02665735519148682,-0.0067271147099391415,0,12.7185,15.208439393939399,-1.3928935200816908,3.8,0.033159099427102934,5.33,0.008386591076755323,-0.019644142521103802,0.015850090952246543,0.001355651150568793
2024-01-31,8351.339565217391,-0.0067271147099391415,-0.005554688402339969,0,13.388636363636364,13.375409090909093,-0.9908249332966685,3.7,0.030883429864855705,5.33,-0.012762549126908995,0.003482947303777406,0.0516264049640629,-0.014786390011647499
2024-02-29,8304.950476190475,-0.005554688402339969,0.04670329733338652,1,13.980476190476189,13.36253751803752,-0.6578179286978819,3.9,0.03157074141648697,5.33,-0.003543266402759926,0.006296871053863118,0.0140865148233984,-0.005136399952078374
2024-03-31,8692.819047619048,0.04670329733338652,0.08659729192807375,1,13.7875,13.718870851370854,-0.6558217122046172,3.9,0.034868349120836584,5.33,-0.00557312624665296,-0.0007137330807516218,0.033887005707953666,0.050274208782770335
2024-04-30,9445.593636363636,0.08659729192807375,0.07109874379010184,1,16.137727272727275,14.635234487734492,0.6378857583232472,3.9,0.033607951262196734,5.33,-0.009971062585799939,0.0243000973864691,0.13102737142957488,0.18941824853243783
2024-05-31,10117.16347826087,0.07109874379010184,-0.04635651872865565,0,13.058695652173913,14.327974308300398,-0.8880998482289318,3.9,0.03244278584003113,5.33,-0.0006499644303002983,0.018633288087483324,0.2182087668392294,0.2353690826913042
2024-06-30,9648.167,-0.04635651872865565,-0.027243926905674343,0,12.667,13.954474308300398,-1.0036437370405875,4.1,0.029702579486470926,5.33,0.007734749239909133,0.03698775600172466,0.10990082125804967,0.1475120367232836
2024-07-31,9385.31304347826,-0.027243926905674343,-0.04306679109509326,0,14.373913043478263,13.36653623188406,-0.072763853269585,4.2,0.029414757935583014,5.33,-0.009226344732312097,0.04517839125449452,-0.006381874470367643,0.12380929672256169
2024-08-31,8981.117727272727,-0.04306679109509326,0.03095503840369629,1,19.312272727272727,15.451061923583666,2.0143143663884473,4.2,0.02607144490692037,5.33,-0.004050008280501727,0.023005815987359846,-0.11228895860279486,0.08141737305005736
2024-09-30,9259.128571428571,0.03095503840369629,0.029685594146236838,1,17.663333333333334,17.11650636802811,1.1132884600054858,4.1,0.024264830315416708,5.13,-0.012004422838397089,0.0019673965825128814,-0.04032252225437516,0.06514682069272282
2024-10-31,9533.991304347826,0.029685594146236838,-0.04806634984885061,0,19.960869565217394,18.97882520860782,1.8993087498856396,4.1,0.02578844053871343,4.83,-0.009947356843759692,0.0007947008650437404,0.015841587827790216,0.009358614332494408
2024-11-30,9075.727142857144,-0.04806634984885061,-0.01827064795738398,0,16.015238095238097,17.879813664596277,0.29751999281980007,4.2,0.02719472461284833,4.638333333333334,-0.015579409481489392,0.041982575804690336,0.0105342584806698,-0.10293758103657213
2024-12-31,8909.907727272726,-0.01827064795738398,0.007494208644327038,1,15.866190476190477,17.280766045548656,0.1435246411362489,4.1,0.028706909675099812,4.47516129032258,-0.0027414662172438042,0.06461185071492714,-0.03771638350864426,-0.0765180860496375
2025-01-31,8976.68043478261,0.007494208644327038,0.03946832771773634,1,16.763636363636365,16.215021645021647,0.40987789114607504,4.0,0.029909783078999608,4.33,0.00849002693950851,0.07161094980957694,-0.05845514766843396,-0.043539582196419624
2025-02-28,9330.975,0.03946832771773634,0.04338757025212603,1,16.968,16.53260894660895,0.3998336149807579,4.2,0.028015834477613355,4.33,0.008119858403550007,0.05624944207220772,0.028124232155188222,0.038954758566950964
2025-03-31,9735.823333333332,0.04338757025212603,-0.05784076035093988,0,21.841428571428573,18.52435497835498,1.8841184642153435,4.2,0.02381981462805549,4.33,0.005802453773984029,0.04628098390759772,0.09269631418656843,0.05148376094222562
2025-04-30,9172.69590909091,-0.05784076035093988,0.03908392947428796,1,31.966190476190473,23.591873015873016,2.700704786557449,4.2,0.0232538823025783,4.33,0.008823523543694645,0.016352876638185743,0.021836075789083864,-0.03789550291409993
2025-05-31,9531.200909090909,0.03908392947428796,0.031881311604433415,1,20.46227272727273,24.756630591630593,0.3654026196532365,4.3,0.023772651073680873,4.33,0.0010162299356553106,0.003970356005683184,0.021458198000842144,0.05018592549823797
2025-06-30,9835.068095238095,0.031881311604433415,-0.0065569104180082105,0,18.403333333333336,23.610598845598847,-0.15939548896082337,4.1,0.02680453865910226,4.33,0.005793208714095943,-0.025184884568901444,0.01019377185748338,0.10383501112289917
2025-07-31,9770.580434782609,-0.0065569104180082105,-0.010102237134808512,0,16.381304347826084,18.41563680281072,-0.6600586748277837,4.3,0.02742618052167134,4.33,0.019187662602012212,-0.026500898757654268,0.06518089464833832,0.0884402653929639
2025-08-31,9671.875714285714,-0.010102237134808512,0.033385196116151095,1,15.75,16.84487922705314,-0.7167017160559628,4.3,0.029385917430316155,4.33,0.011886779865559305,-0.016620470404365206,0.014759399842324994,0.03653430796735746
2025-09-30,9994.773181818182,0.033385196116151095,0.07455347565134396,1,15.789090909090909,15.973465085638999,-0.6617589400968661,4.4,0.030225715847133294,4.224666666666667,0.018631698334008018,-0.015225789087890296,0.01623833053656365,0.02659763223088296
2025-10-31,10739.91826086957,0.07455347565134396,0.0067141795103933255,1,18.086521739130436,16.54187088274045,-0.13109006025225156,4.4,0.027291362382022122,4.088064516129032,0.017472692634425524,-0.02292555718142253,0.09920985068974852,0.1708573321639728
2025-11-30,10812.028,0.0067141795103933255,0.0905413943535005,1,19.7695,17.881704216073786,0.1685960724404313,4.5,0.026964439164939513,3.8763333333333336,0.0208273535261978,-0.038742525396242455,0.11788326477668032,0.134382550858563
2025-12-31,11790.96409090909,0.0905413943535005,0.10140330494217831,1,15.548181818181819,17.801401185770754,-0.7517767212591018,4.4,0.02653304114557753,3.7206451612903226,0.013463932548767987,-0.05790643153394215,0.1797130236390374,0.19886959365517698
2026-01-31,12986.60681818182,0.10140330494217831,0.0,0,16.17904761904762,17.16557647907648,-0.599011678553095,4.3,0.02391201432150014,3.64,0.02330092430197661,-0.07456822133253682,0.20919047079696695,0.32915407686020104
2026-02-28,12986.60681818182,0.0,0.0,0,19.207,16.97807647907648,0.020154395290583032,4.4,0.024340041103732224,3.64,0.01435914986552822,-0.07796477569853133,0.20112589591719687,0.34271853793573115
2026-03-31,12986.60681818182,0.0,0.0,0,24.69,20.02534920634921,1.1182823872553769,4.4,0.02400050033616319,3.6399999999999997,0.014950455461379741,-0.05409876617811937,0.10140330494217831,0.299339823119366
